image,label_name
37,nelli;bart
39,senne
40,konrad
43,raul
45,nothing
51,akif
58,michiel
62,konrad
66,florian;lasse;akif
78,akif
103,daiane
125,nelli;bart
139,alper
160,senne
161,florian;nelli
166,akif
168,konrad
174,akif
179,alper
182,alper
194,matthias;raul;michiel;youssef
221,nothing
226,senne
233,nothing
245,nothing
246,akif;raul
255,nelli;bart
262,senne
268,konrad
275,nelli;bart
282,nelli;bart
316,alper
344,michiel;raul
377,nothing
381,alper;senne;seppe;daiane
398,alper
416,michiel;Youssef;raul
418,lasse;bart
420,lasse;matthias;Youssef;florian
423,nelli;bart
427,michiel
435,akif
443,matthias;bart;konrad
444,alper
448,nothing
450,daiane
452,michiel
454,nelli;bart
472,michiel
481,bart
513,nothing
521,lasse;senne;michiel;Youssef
540,senne
551,daiane
584,konrad
589,akif
590,lasse
592,michiel
594,florian;matthias;lasse
596,daiane;konrad
599,floarian
603,konrad
605,nothing
612,nothing
614,senne
615,konrad
621,konrad
624,senne
629,akif
638,konrad
641,akif
646,akif
648,matthias;florian
664,matthias;florian
668,alper
669,michiel
675,akif;konrad
676,michiel;raul;youssef
679,nothing
698,bart;konrad
754,nothing
757,lasse;bart
763,akif
764,konrad
765,matthias;florian
766,akif
770,nothing
772,nothing
779,raul;Youssef
786,nelli;bart
790,akif
792,raul
794,akif
799,lasse
805,nothing
808,nothing
818,mattias;florian
822,youssef;raul
825,florian
